{
  "spec": {
    "primes": [
      2,
      3
    ],
    "weights": {
      "2": 1.0,
      "3": 1.0
    },
    "N_t": 100,
    "T": 4.605170185988092,
    "delta_t": 0.09210340371976183,
    "description": "H_N = L_D + sum_p w_p H_p with periodic BCs; H_p = (S_p - I)\u2020(S_p - I)/(log p)^2"
  },
  "eigenvalues_first_20": [
    -3.213585502445729e-14,
    1.366002516574727,
    5.123996900175945,
    9.65009696232145,
    10.403455864558744,
    11.241853226655396,
    12.780160266243817,
    14.147227790351007,
    15.713920943201623,
    16.17871802833531,
    18.26924833094994,
    21.68844187974865,
    22.713846195262036,
    26.701875644543588,
    29.654323234774015,
    31.51889307542819,
    36.72903613503301,
    39.096686687236186,
    42.87403402353304,
    50.196718891794866
  ],
  "lambda0": -3.213585502445729e-14,
  "lambda1": 1.366002516574727,
  "valuation_energies_psi1": {
    "2": 0.45677373560610957,
    "3": 0.44400115620803915
  },
  "psi1_plot_saved": true,
  "psi1_plot_path": "output/results/bi_laplacian_psi1.png"
}