{
  "experiment": "fingerprint_persistence_ab",
  "config": {
    "N": 64,
    "primorial": 2310,
    "n_steps": 100,
    "n_seeds": 5,
    "seeds": [
      9348,
      2305,
      909,
      2231,
      3416
    ]
  },
  "baseline": {
    "1": {
      "mean": 0.04974443540636326,
      "ci_lower": 0.046899163489168665,
      "ci_upper": 0.05258970732355786
    },
    "2": {
      "mean": 0.049584044507616165,
      "ci_lower": 0.046339905478680124,
      "ci_upper": 0.05253590824854728
    },
    "3": {
      "mean": 0.04675963493891704,
      "ci_lower": 0.04451383242905352,
      "ci_upper": 0.04895436757678589
    },
    "4": {
      "mean": 0.049626613004630074,
      "ci_lower": 0.0469813370965494,
      "ci_upper": 0.05215492787499914
    },
    "5": {
      "mean": 0.04912130814257234,
      "ci_lower": 0.047719015765263516,
      "ci_upper": 0.051495980482139686
    },
    "6": {
      "mean": 0.05463679357315872,
      "ci_lower": 0.05231713990424095,
      "ci_upper": 0.05744017286132398
    },
    "7": {
      "mean": 0.04935360132906753,
      "ci_lower": 0.04690468771186277,
      "ci_upper": 0.053027805761738815
    },
    "8": {
      "mean": 0.048879892665833334,
      "ci_lower": 0.04691192182105795,
      "ci_upper": 0.051000161783582604
    },
    "9": {
      "mean": 0.0496370558495592,
      "ci_lower": 0.04675387530304595,
      "ci_upper": 0.052458168023252004
    },
    "10": {
      "mean": 0.05475563605487749,
      "ci_lower": 0.05334549633453412,
      "ci_upper": 0.056727175652158436
    },
    "11": {
      "mean": 0.0488994978919493,
      "ci_lower": 0.04643339033166147,
      "ci_upper": 0.051407248684763006
    },
    "12": {
      "mean": 0.05063801282642325,
      "ci_lower": 0.04821112792944142,
      "ci_upper": 0.05318752333831299
    },
    "13": {
      "mean": 0.04895210183113437,
      "ci_lower": 0.04523159782449544,
      "ci_upper": 0.05268505243382281
    },
    "14": {
      "mean": 0.050581091498992835,
      "ci_lower": 0.048024053989714675,
      "ci_upper": 0.05361865320993026
    },
    "15": {
      "mean": 0.049406981108003796,
      "ci_lower": 0.046710651663568616,
      "ci_upper": 0.05164734166606538
    },
    "16": {
      "mean": 0.048207344849661604,
      "ci_lower": 0.04508433998802299,
      "ci_upper": 0.05168707080532074
    },
    "17": {
      "mean": 0.05082773951417749,
      "ci_lower": 0.049185506830248235,
      "ci_upper": 0.05254665342117738
    },
    "18": {
      "mean": 0.0478184035617535,
      "ci_lower": 0.04666159658964648,
      "ci_upper": 0.04939178775287116
    },
    "19": {
      "mean": 0.04990951979470453,
      "ci_lower": 0.047680121308621745,
      "ci_upper": 0.05259667233280803
    },
    "20": {
      "mean": 0.05001496477600148,
      "ci_lower": 0.04620399772155975,
      "ci_upper": 0.05299891518894085
    },
    "21": {
      "mean": 0.05034466425028352,
      "ci_lower": 0.048104113791232354,
      "ci_upper": 0.0525092669429547
    },
    "22": {
      "mean": 0.0504008569443056,
      "ci_lower": 0.04888233325045145,
      "ci_upper": 0.051919380638159755
    },
    "23": {
      "mean": 0.053533190363076306,
      "ci_lower": 0.051413118310887934,
      "ci_upper": 0.055939321373168455
    },
    "24": {
      "mean": 0.05020867644911961,
      "ci_lower": 0.04736977892220701,
      "ci_upper": 0.05336561724840347
    },
    "25": {
      "mean": 0.05171591023679906,
      "ci_lower": 0.050573491813504914,
      "ci_upper": 0.05315874774495248
    },
    "26": {
      "mean": 0.046424997091231796,
      "ci_lower": 0.04201909821015677,
      "ci_upper": 0.051858797235950015
    },
    "27": {
      "mean": 0.05083810493928935,
      "ci_lower": 0.04860025577769059,
      "ci_upper": 0.053683584425312764
    },
    "28": {
      "mean": 0.05308195319597443,
      "ci_lower": 0.04955605183778518,
      "ci_upper": 0.057230267747117314
    },
    "29": {
      "mean": 0.051298979746908245,
      "ci_lower": 0.04669597417957234,
      "ci_upper": 0.0547181304048135
    },
    "30": {
      "mean": 0.051661880113494645,
      "ci_lower": 0.04993526250745865,
      "ci_upper": 0.05345528497604481
    },
    "31": {
      "mean": 0.04867081226327219,
      "ci_lower": 0.044957758144809026,
      "ci_upper": 0.05238386638173536
    },
    "32": {
      "mean": 0.047684065542385905,
      "ci_lower": 0.042907536610085756,
      "ci_upper": 0.051624825147189135
    }
  },
  "masked": {
    "1": {
      "mean": 0.04974443540636326,
      "ci_lower": 0.046899163489168665,
      "ci_upper": 0.052273910076300605
    },
    "2": {
      "mean": 0.0,
      "ci_lower": 0.0,
      "ci_upper": 0.0
    },
    "3": {
      "mean": 0.0,
      "ci_lower": 0.0,
      "ci_upper": 0.0
    },
    "4": {
      "mean": 0.0,
      "ci_lower": 0.0,
      "ci_upper": 0.0
    },
    "5": {
      "mean": 0.0,
      "ci_lower": 0.0,
      "ci_upper": 0.0
    },
    "6": {
      "mean": 0.0,
      "ci_lower": 0.0,
      "ci_upper": 0.0
    },
    "7": {
      "mean": 0.0,
      "ci_lower": 0.0,
      "ci_upper": 0.0
    },
    "8": {
      "mean": 0.0,
      "ci_lower": 0.0,
      "ci_upper": 0.0
    },
    "9": {
      "mean": 0.0,
      "ci_lower": 0.0,
      "ci_upper": 0.0
    },
    "10": {
      "mean": 0.0,
      "ci_lower": 0.0,
      "ci_upper": 0.0
    },
    "11": {
      "mean": 0.0,
      "ci_lower": 0.0,
      "ci_upper": 0.0
    },
    "12": {
      "mean": 0.0,
      "ci_lower": 0.0,
      "ci_upper": 0.0
    },
    "13": {
      "mean": 0.04895210183113437,
      "ci_lower": 0.04523159782449544,
      "ci_upper": 0.05267260583777329
    },
    "14": {
      "mean": 0.0,
      "ci_lower": 0.0,
      "ci_upper": 0.0
    },
    "15": {
      "mean": 0.0,
      "ci_lower": 0.0,
      "ci_upper": 0.0
    },
    "16": {
      "mean": 0.0,
      "ci_lower": 0.0,
      "ci_upper": 0.0
    },
    "17": {
      "mean": 0.05082773951417749,
      "ci_lower": 0.049315895319839924,
      "ci_upper": 0.05239329097503608
    },
    "18": {
      "mean": 0.0,
      "ci_lower": 0.0,
      "ci_upper": 0.0
    },
    "19": {
      "mean": 0.04990951979470453,
      "ci_lower": 0.04753627175482012,
      "ci_upper": 0.05228276783458894
    },
    "20": {
      "mean": 0.0,
      "ci_lower": 0.0,
      "ci_upper": 0.0
    },
    "21": {
      "mean": 0.0,
      "ci_lower": 0.0,
      "ci_upper": 0.0
    },
    "22": {
      "mean": 0.0,
      "ci_lower": 0.0,
      "ci_upper": 0.0
    },
    "23": {
      "mean": 0.053533190363076306,
      "ci_lower": 0.051552603116604236,
      "ci_upper": 0.05581654762420622
    },
    "24": {
      "mean": 0.0,
      "ci_lower": 0.0,
      "ci_upper": 0.0
    },
    "25": {
      "mean": 0.0,
      "ci_lower": 0.0,
      "ci_upper": 0.0
    },
    "26": {
      "mean": 0.0,
      "ci_lower": 0.0,
      "ci_upper": 0.0
    },
    "27": {
      "mean": 0.0,
      "ci_lower": 0.0,
      "ci_upper": 0.0
    },
    "28": {
      "mean": 0.0,
      "ci_lower": 0.0,
      "ci_upper": 0.0
    },
    "29": {
      "mean": 0.051298979746908245,
      "ci_lower": 0.046723924783724856,
      "ci_upper": 0.054746081008966024
    },
    "30": {
      "mean": 0.0,
      "ci_lower": 0.0,
      "ci_upper": 0.0
    },
    "31": {
      "mean": 0.04867081226327219,
      "ci_lower": 0.04479917831031303,
      "ci_upper": 0.052516147197160246
    },
    "32": {
      "mean": 0.0,
      "ci_lower": 0.0,
      "ci_upper": 0.0
    }
  },
  "difference_test": {
    "differences": [
      {
        "k": 1,
        "diff": 0.0,
        "p_value": 2.0
      },
      {
        "k": 2,
        "diff": -0.049584044507616165,
        "p_value": 0.001
      },
      {
        "k": 3,
        "diff": -0.04675963493891704,
        "p_value": 0.001
      },
      {
        "k": 4,
        "diff": -0.049626613004630074,
        "p_value": 0.001
      },
      {
        "k": 5,
        "diff": -0.04912130814257234,
        "p_value": 0.001
      },
      {
        "k": 6,